timestamp,src_ip,dst_ip,protocol,attack_type,severity,confidence,status
2026-01-07 19:11:10,192.168.1.100,Test Attack,Test,100%,System test
2026-01-07 22:34:10,172.22.177.9,Anomaly Detected,Blocked,N/A,"K-Means detected anomaly (distance: 35616.3841, threshold: 5.7983)"
2026-01-07 22:34:10,185.125.190.57,Anomaly Detected,Blocked,N/A,"K-Means detected anomaly (distance: 35615.6444, threshold: 5.7983)"
2026-01-07 22:34:38,172.22.177.9,Anomaly Detected,Blocked,N/A,"K-Means detected anomaly (distance: 43446.3155, threshold: 5.7983)"
2026-01-07 22:34:40,185.125.190.57,Anomaly Detected,Blocked,N/A,"K-Means detected anomaly (distance: 43445.5827, threshold: 5.7983)"
2026-01-07 22:34:54,172.22.177.9,Anomaly Detected,Blocked,N/A,"K-Means detected anomaly (distance: 45836.1764, threshold: 5.7983)"
2026-01-07 22:34:55,172.22.177.9,Anomaly Detected,Blocked,N/A,"K-Means detected anomaly (distance: 45846.1763, threshold: 5.7983)"
2026-01-07 22:34:55,172.22.177.9,Anomaly Detected,Blocked,N/A,"K-Means detected anomaly (distance: 47750.1520, threshold: 5.7983)"
2026-01-07 22:34:55,34.49.39.67,Anomaly Detected,Blocked,N/A,"K-Means detected anomaly (distance: 47749.5409, threshold: 5.7983)"
2026-01-07 22:34:55,172.22.177.9,Anomaly Detected,Blocked,N/A,"K-Means detected anomaly (distance: 47750.1404, threshold: 5.7983)"
2026-01-07 22:34:55,172.22.177.9,Anomaly Detected,Blocked,N/A,"K-Means detected anomaly (distance: 47790.9334, threshold: 5.7983)"
2026-01-07 22:34:55,34.49.39.67,Anomaly Detected,Blocked,N/A,"K-Means detected anomaly (distance: 47749.5292, threshold: 5.7983)"
2026-01-07 22:34:55,34.49.39.67,Anomaly Detected,Blocked,N/A,"K-Means detected anomaly (distance: 47749.5292, threshold: 5.7983)"
2026-01-07 22:34:55,34.49.39.67,Anomaly Detected,Blocked,N/A,"K-Means detected anomaly (distance: 47750.3308, threshold: 5.7983)"
2026-01-07 22:34:55,172.22.177.9,Anomaly Detected,Blocked,N/A,"K-Means detected anomaly (distance: 47750.1404, threshold: 5.7983)"
2026-01-07 22:34:57,172.22.177.9,Anomaly Detected,Blocked,N/A,"K-Means detected anomaly (distance: 45836.1764, threshold: 5.7983)"
2026-01-07 22:34:58,172.22.177.9,Anomaly Detected,Blocked,N/A,"K-Means detected anomaly (distance: 45846.1763, threshold: 5.7983)"
2026-01-07 22:35:06,172.22.177.9,Anomaly Detected,Blocked,N/A,"K-Means detected anomaly (distance: 35033.3904, threshold: 5.7983)"
2026-01-07 22:35:07,185.125.190.57,Anomaly Detected,Blocked,N/A,"K-Means detected anomaly (distance: 35032.6503, threshold: 5.7983)"
2026-01-07 22:35:07,172.22.176.1,Anomaly Detected,Blocked,N/A,"K-Means detected anomaly (distance: 7573.3181, threshold: 5.7983)"
2026-01-07 22:35:07,172.22.176.1,Anomaly Detected,Blocked,N/A,"K-Means detected anomaly (distance: 7570.3483, threshold: 5.7983)"
2026-01-07 22:35:07,172.22.176.1,Anomaly Detected,Blocked,N/A,"K-Means detected anomaly (distance: 7570.3483, threshold: 5.7983)"
2026-01-07 22:35:07,172.22.176.1,Anomaly Detected,Blocked,N/A,"K-Means detected anomaly (distance: 7570.3483, threshold: 5.7983)"
2026-01-07 22:35:37,172.22.177.9,Anomaly Detected,Blocked,N/A,"K-Means detected anomaly (distance: 41465.3304, threshold: 5.7983)"
2026-01-07 22:35:38,185.125.190.57,Anomaly Detected,Blocked,N/A,"K-Means detected anomaly (distance: 41464.5967, threshold: 5.7983)"
2026-01-07 22:35:49,172.22.177.9,Anomaly Detected,Blocked,N/A,"K-Means detected anomaly (distance: 40668.5262, threshold: 5.7983)"
2026-01-07 22:35:49,34.49.39.67,Anomaly Detected,Blocked,N/A,"K-Means detected anomaly (distance: 40667.9358, threshold: 5.7983)"
2026-01-07 22:35:49,172.22.177.9,Anomaly Detected,Blocked,N/A,"K-Means detected anomaly (distance: 40668.5125, threshold: 5.7983)"
2026-01-07 22:35:50,172.22.177.9,Anomaly Detected,Blocked,N/A,"K-Means detected anomaly (distance: 40716.4011, threshold: 5.7983)"
2026-01-07 22:35:50,34.49.39.67,Anomaly Detected,Blocked,N/A,"K-Means detected anomaly (distance: 40667.9221, threshold: 5.7983)"
2026-01-07 22:35:50,34.49.39.67,Anomaly Detected,Blocked,N/A,"K-Means detected anomaly (distance: 40667.9221, threshold: 5.7983)"
2026-01-07 22:35:50,34.49.39.67,Anomaly Detected,Blocked,N/A,"K-Means detected anomaly (distance: 40668.8633, threshold: 5.7983)"
2026-01-07 22:35:50,172.22.177.9,Anomaly Detected,Blocked,N/A,"K-Means detected anomaly (distance: 40668.5125, threshold: 5.7983)"
2026-01-07 22:35:50,172.22.177.9,Anomaly Detected,Blocked,N/A,"K-Means detected anomaly (distance: 40767.5904, threshold: 5.7983)"
2026-01-07 22:35:50,172.22.177.9,Anomaly Detected,Blocked,N/A,"K-Means detected anomaly (distance: 40767.5904, threshold: 5.7983)"
2026-01-07 22:36:08,172.22.177.9,Anomaly Detected,Blocked,N/A,"K-Means detected anomaly (distance: 55404.2482, threshold: 5.7983)"
2026-01-07 22:36:08,185.125.190.57,Anomaly Detected,Blocked,N/A,"K-Means detected anomaly (distance: 55403.5186, threshold: 5.7983)"
2026-01-07 22:36:38,185.125.190.57,Anomaly Detected,Blocked,N/A,"K-Means detected anomaly (distance: 43168.5846, threshold: 5.7983)"
2026-01-07 22:36:44,172.22.177.9,Anomaly Detected,Blocked,N/A,"K-Means detected anomaly (distance: 33547.0617, threshold: 5.7983)"
2026-01-07 22:36:44,34.49.39.67,Anomaly Detected,Blocked,N/A,"K-Means detected anomaly (distance: 33546.4941, threshold: 5.7983)"
2026-01-07 22:36:44,172.22.177.9,Anomaly Detected,Blocked,N/A,"K-Means detected anomaly (distance: 33547.0452, threshold: 5.7983)"
2026-01-07 22:36:45,172.22.177.9,Anomaly Detected,Blocked,N/A,"K-Means detected anomaly (distance: 33605.0836, threshold: 5.7983)"
2026-01-07 22:36:45,34.49.39.67,Anomaly Detected,Blocked,N/A,"K-Means detected anomaly (distance: 33546.4775, threshold: 5.7983)"
2026-01-07 22:36:45,34.49.39.67,Anomaly Detected,Blocked,N/A,"K-Means detected anomaly (distance: 33546.4775, threshold: 5.7983)"
2026-01-07 22:36:45,34.49.39.67,Anomaly Detected,Blocked,N/A,"K-Means detected anomaly (distance: 33547.6185, threshold: 5.7983)"
2026-01-07 22:36:45,172.22.177.9,Anomaly Detected,Blocked,N/A,"K-Means detected anomaly (distance: 33547.0452, threshold: 5.7983)"
2026-01-07 22:36:45,172.22.177.9,Anomaly Detected,Blocked,N/A,"K-Means detected anomaly (distance: 33667.0871, threshold: 5.7983)"
2026-01-07 22:36:45,172.22.177.9,Anomaly Detected,Blocked,N/A,"K-Means detected anomaly (distance: 33667.0871, threshold: 5.7983)"
2026-01-07 22:37:08,172.22.176.1,Anomaly Detected,Blocked,N/A,"K-Means detected anomaly (distance: 7573.3181, threshold: 5.7983)"
2026-01-07 22:37:08,172.22.176.1,Anomaly Detected,Blocked,N/A,"K-Means detected anomaly (distance: 7570.3483, threshold: 5.7983)"
2026-01-07 22:37:08,172.22.176.1,Anomaly Detected,Blocked,N/A,"K-Means detected anomaly (distance: 7570.3483, threshold: 5.7983)"
2026-01-07 22:37:08,172.22.176.1,Anomaly Detected,Blocked,N/A,"K-Means detected anomaly (distance: 7570.3483, threshold: 5.7983)"
2026-01-07 22:37:08,172.22.176.1,Anomaly Detected,Blocked,N/A,"K-Means detected anomaly (distance: 7575.5815, threshold: 5.7983)"
2026-01-07 22:37:31,172.22.176.1,Anomaly Detected,Blocked,N/A,"K-Means detected anomaly (distance: 249.4167, threshold: 5.7983)"
2026-01-07 22:37:33,172.22.176.1,Anomaly Detected,Blocked,N/A,"K-Means detected anomaly (distance: 249.4167, threshold: 5.7983)"
2026-01-07 22:37:33,172.22.176.1,Anomaly Detected,Blocked,N/A,"K-Means detected anomaly (distance: 249.4167, threshold: 5.7983)"
2026-01-07 22:37:38,172.22.176.1,Anomaly Detected,Blocked,N/A,"K-Means detected anomaly (distance: 249.4167, threshold: 5.7983)"
2026-01-07 22:37:38,172.22.176.1,Anomaly Detected,Blocked,N/A,"K-Means detected anomaly (distance: 249.4167, threshold: 5.7983)"
2026-01-07 22:37:39,172.22.176.1,Anomaly Detected,Blocked,N/A,"K-Means detected anomaly (distance: 249.4167, threshold: 5.7983)"
2026-01-07 22:37:39,172.22.177.9,Anomaly Detected,Blocked,N/A,"K-Means detected anomaly (distance: 45900.2386, threshold: 5.7983)"
2026-01-07 22:37:39,34.49.39.67,Anomaly Detected,Blocked,N/A,"K-Means detected anomaly (distance: 45899.6316, threshold: 5.7983)"
2026-01-07 22:37:39,172.22.177.9,Anomaly Detected,Blocked,N/A,"K-Means detected anomaly (distance: 45900.2266, threshold: 5.7983)"
2026-01-07 22:37:39,172.22.177.9,Anomaly Detected,Blocked,N/A,"K-Means detected anomaly (distance: 45942.6621, threshold: 5.7983)"
2026-01-07 22:37:39,34.49.39.67,Anomaly Detected,Blocked,N/A,"K-Means detected anomaly (distance: 45899.6195, threshold: 5.7983)"
2026-01-07 22:37:39,34.49.39.67,Anomaly Detected,Blocked,N/A,"K-Means detected anomaly (distance: 45899.6195, threshold: 5.7983)"
2026-01-07 22:37:39,34.49.39.67,Anomaly Detected,Blocked,N/A,"K-Means detected anomaly (distance: 45900.4534, threshold: 5.7983)"
2026-01-07 22:37:42,34.49.39.67,Anomaly Detected,Blocked,N/A,"K-Means detected anomaly (distance: 45899.5799, threshold: 5.7983)"
2026-01-07 22:37:46,172.22.176.1,Anomaly Detected,Blocked,N/A,"K-Means detected anomaly (distance: 249.4167, threshold: 5.7983)"
2026-01-07 22:37:47,172.22.176.1,Anomaly Detected,Blocked,N/A,"K-Means detected anomaly (distance: 249.4167, threshold: 5.7983)"
2026-01-07 22:37:47,172.22.176.1,Anomaly Detected,Blocked,N/A,"K-Means detected anomaly (distance: 249.4167, threshold: 5.7983)"
2026-01-07 22:37:54,172.22.176.1,Anomaly Detected,Blocked,N/A,"K-Means detected anomaly (distance: 249.4167, threshold: 5.7983)"
2026-01-07 22:37:54,172.22.176.1,Anomaly Detected,Blocked,N/A,"K-Means detected anomaly (distance: 249.4167, threshold: 5.7983)"
2026-01-07 22:37:59,172.22.176.1,Anomaly Detected,Blocked,N/A,"K-Means detected anomaly (distance: 7570.2116, threshold: 5.7983)"
2026-01-07 22:37:59,172.22.176.1,Anomaly Detected,Blocked,N/A,"K-Means detected anomaly (distance: 7570.7100, threshold: 5.7983)"
2026-01-07 22:37:59,172.22.176.1,Anomaly Detected,Blocked,N/A,"K-Means detected anomaly (distance: 7570.2116, threshold: 5.7983)"
2026-01-07 22:37:59,172.22.176.1,Anomaly Detected,Blocked,N/A,"K-Means detected anomaly (distance: 7570.7100, threshold: 5.7983)"
2026-01-07 22:38:07,172.22.177.9,Anomaly Detected,Blocked,N/A,"K-Means detected anomaly (distance: 42125.3253, threshold: 5.7983)"
2026-01-07 22:38:07,185.125.190.57,Anomaly Detected,Blocked,N/A,"K-Means detected anomaly (distance: 42124.5907, threshold: 5.7983)"
2026-01-07 22:38:35,172.22.177.9,Anomaly Detected,Blocked,N/A,"K-Means detected anomaly (distance: 33550.4075, threshold: 5.7983)"
2026-01-07 22:38:34,185.125.190.57,Anomaly Detected,Blocked,N/A,"K-Means detected anomaly (distance: 33549.6691, threshold: 5.7983)"
2026-01-07 22:38:34,172.22.177.9,Anomaly Detected,Blocked,N/A,"K-Means detected anomaly (distance: 37452.7428, threshold: 5.7983)"
2026-01-07 22:38:34,34.49.39.67,Anomaly Detected,Blocked,N/A,"K-Means detected anomaly (distance: 37452.1630, threshold: 5.7983)"
2026-01-07 22:38:34,172.22.177.9,Anomaly Detected,Blocked,N/A,"K-Means detected anomaly (distance: 37452.7280, threshold: 5.7983)"
2026-01-07 22:38:34,172.22.177.9,Anomaly Detected,Blocked,N/A,"K-Means detected anomaly (distance: 37504.7228, threshold: 5.7983)"
2026-01-07 22:38:34,34.49.39.67,Anomaly Detected,Blocked,N/A,"K-Means detected anomaly (distance: 37452.1482, threshold: 5.7983)"
2026-01-07 22:38:34,34.49.39.67,Anomaly Detected,Blocked,N/A,"K-Means detected anomaly (distance: 37452.1482, threshold: 5.7983)"
2026-01-07 22:38:34,34.49.39.67,Anomaly Detected,Blocked,N/A,"K-Means detected anomaly (distance: 37453.1701, threshold: 5.7983)"
2026-01-07 22:38:35,172.22.177.9,Anomaly Detected,Blocked,N/A,"K-Means detected anomaly (distance: 37452.7280, threshold: 5.7983)"
2026-01-07 22:38:35,172.22.177.9,Anomaly Detected,Blocked,N/A,"K-Means detected anomaly (distance: 37560.2895, threshold: 5.7983)"
2026-01-07 22:39:04,172.22.177.9,Anomaly Detected,Blocked,N/A,"K-Means detected anomaly (distance: 38820.3527, threshold: 5.7983)"
2026-01-07 22:39:04,185.125.190.57,Anomaly Detected,Blocked,N/A,"K-Means detected anomaly (distance: 38819.6152, threshold: 5.7983)"
2026-01-07 22:39:05,172.22.177.9,Anomaly Detected,Blocked,N/A,"K-Means detected anomaly (distance: 51036.1016, threshold: 5.7983)"
2026-01-07 22:39:05,140.82.121.3,Anomaly Detected,Blocked,N/A,"K-Means detected anomaly (distance: 51035.3665, threshold: 5.7983)"
2026-01-07 22:39:05,172.22.177.9,Anomaly Detected,Blocked,N/A,"K-Means detected anomaly (distance: 51036.0908, threshold: 5.7983)"
2026-01-07 22:39:05,172.22.177.9,Anomaly Detected,Blocked,N/A,"K-Means detected anomaly (distance: 51036.1639, threshold: 5.7983)"
2026-01-07 22:39:05,140.82.121.3,Anomaly Detected,Blocked,N/A,"K-Means detected anomaly (distance: 51035.3557, threshold: 5.7983)"
2026-01-07 22:39:05,140.82.121.3,Anomaly Detected,Blocked,N/A,"K-Means detected anomaly (distance: 51042.9394, threshold: 5.7983)"
2026-01-07 22:39:05,172.22.177.9,Anomaly Detected,Blocked,N/A,"K-Means detected anomaly (distance: 51036.0908, threshold: 5.7983)"
2026-01-07 22:39:06,172.22.177.9,Anomaly Detected,Blocked,N/A,"K-Means detected anomaly (distance: 51061.1628, threshold: 5.7983)"
2026-01-07 22:39:06,140.82.121.3,Anomaly Detected,Blocked,N/A,"K-Means detected anomaly (distance: 51035.3557, threshold: 5.7983)"
2026-01-07 22:39:07,140.82.121.3,Anomaly Detected,Blocked,N/A,"K-Means detected anomaly (distance: 51035.4309, threshold: 5.7983)"
2026-01-07 22:39:07,172.22.177.9,Anomaly Detected,Blocked,N/A,"K-Means detected anomaly (distance: 51036.4619, threshold: 5.7983)"
2026-01-07 22:39:07,140.82.121.3,Anomaly Detected,Blocked,N/A,"K-Means detected anomaly (distance: 51035.3557, threshold: 5.7983)"
2026-01-07 22:39:07,140.82.121.3,Anomaly Detected,Blocked,N/A,"K-Means detected anomaly (distance: 51035.5816, threshold: 5.7983)"
2026-01-07 22:39:07,172.22.177.9,Anomaly Detected,Blocked,N/A,"K-Means detected anomaly (distance: 51037.4140, threshold: 5.7983)"
2026-01-07 22:39:07,140.82.121.3,Anomaly Detected,Blocked,N/A,"K-Means detected anomaly (distance: 51035.3557, threshold: 5.7983)"
2026-01-07 22:39:07,140.82.121.3,Anomaly Detected,Blocked,N/A,"K-Means detected anomaly (distance: 51035.3992, threshold: 5.7983)"
2026-01-07 22:39:07,172.22.177.9,Anomaly Detected,Blocked,N/A,"K-Means detected anomaly (distance: 51036.1838, threshold: 5.7983)"
2026-01-07 22:39:08,140.82.121.3,Anomaly Detected,Blocked,N/A,"K-Means detected anomaly (distance: 51040.0224, threshold: 5.7983)"
2026-01-07 22:39:08,172.22.176.1,Anomaly Detected,Blocked,N/A,"K-Means detected anomaly (distance: 7573.3181, threshold: 5.7983)"
2026-01-07 22:39:08,172.22.176.1,Anomaly Detected,Blocked,N/A,"K-Means detected anomaly (distance: 7570.3483, threshold: 5.7983)"
2026-01-07 22:39:08,140.82.121.3,Anomaly Detected,Blocked,N/A,"K-Means detected anomaly (distance: 51035.4487, threshold: 5.7983)"
2026-01-07 22:39:08,140.82.121.3,Anomaly Detected,Blocked,N/A,"K-Means detected anomaly (distance: 51035.4986, threshold: 5.7983)"
2026-01-07 22:39:08,172.22.177.9,Anomaly Detected,Blocked,N/A,"K-Means detected anomaly (distance: 51036.0908, threshold: 5.7983)"
2026-01-07 22:39:08,172.22.177.9,Anomaly Detected,Blocked,N/A,"K-Means detected anomaly (distance: 51036.1495, threshold: 5.7983)"
2026-01-07 22:39:09,172.22.177.9,Anomaly Detected,Blocked,N/A,"K-Means detected anomaly (distance: 51036.2028, threshold: 5.7983)"
2026-01-07 22:39:09,172.22.177.9,Anomaly Detected,Blocked,N/A,"K-Means detected anomaly (distance: 51036.0908, threshold: 5.7983)"
2026-01-07 22:39:32,172.22.177.9,Anomaly Detected,Blocked,N/A,"K-Means detected anomaly (distance: 38295.5912, threshold: 5.7983)"
2026-01-07 22:39:33,140.82.113.21,Anomaly Detected,Blocked,N/A,"K-Means detected anomaly (distance: 36758.7618, threshold: 5.7983)"
2026-01-07 22:39:33,172.22.177.9,Anomaly Detected,Blocked,N/A,"K-Means detected anomaly (distance: 36758.7794, threshold: 5.7983)"
2026-01-07 22:39:33,172.22.177.9,Anomaly Detected,Blocked,N/A,"K-Means detected anomaly (distance: 36797.6542, threshold: 5.7983)"
2026-01-07 22:39:33,34.49.39.67,Anomaly Detected,Blocked,N/A,"K-Means detected anomaly (distance: 38244.0890, threshold: 5.7983)"
2026-01-07 22:39:33,34.49.39.67,Anomaly Detected,Blocked,N/A,"K-Means detected anomaly (distance: 38245.0898, threshold: 5.7983)"
2026-01-07 22:39:33,172.22.177.9,Anomaly Detected,Blocked,N/A,"K-Means detected anomaly (distance: 38244.6715, threshold: 5.7983)"
2026-01-07 22:39:33,172.22.177.9,Anomaly Detected,Blocked,N/A,"K-Means detected anomaly (distance: 38350.0120, threshold: 5.7983)"
2026-01-07 22:39:34,172.22.177.9,Anomaly Detected,Blocked,N/A,"K-Means detected anomaly (distance: 38350.0120, threshold: 5.7983)"
2026-01-07 22:39:34,172.22.177.9,Anomaly Detected,Blocked,N/A,"K-Means detected anomaly (distance: 38350.0120, threshold: 5.7983)"
2026-01-07 22:39:34,35.186.247.105,Anomaly Detected,Blocked,N/A,"K-Means detected anomaly (distance: 59233.0951, threshold: 5.7983)"
2026-01-07 22:39:34,35.186.247.105,Anomaly Detected,Blocked,N/A,"K-Means detected anomaly (distance: 59233.0951, threshold: 5.7983)"
2026-01-07 22:39:34,172.22.177.9,Anomaly Detected,Blocked,N/A,"K-Means detected anomaly (distance: 59301.7945, threshold: 5.7983)"
2026-01-07 22:39:32,172.22.177.9,Anomaly Detected,Blocked,N/A,"K-Means detected anomaly (distance: 59301.7945, threshold: 5.7983)"
2026-01-07 22:39:32,172.22.177.9,Anomaly Detected,Blocked,N/A,"K-Means detected anomaly (distance: 59301.7945, threshold: 5.7983)"
2026-01-07 22:39:32,35.186.247.105,Anomaly Detected,Blocked,N/A,"K-Means detected anomaly (distance: 59233.0951, threshold: 5.7983)"
2026-01-07 22:39:32,35.186.247.105,Anomaly Detected,Blocked,N/A,"K-Means detected anomaly (distance: 59233.0951, threshold: 5.7983)"
2026-01-07 22:39:32,35.186.247.105,Anomaly Detected,Blocked,N/A,"K-Means detected anomaly (distance: 59233.0951, threshold: 5.7983)"
2026-01-07 22:39:32,35.186.247.105,Anomaly Detected,Blocked,N/A,"K-Means detected anomaly (distance: 59233.0951, threshold: 5.7983)"
2026-01-07 22:39:33,172.22.177.9,Anomaly Detected,Blocked,N/A,"K-Means detected anomaly (distance: 59301.7945, threshold: 5.7983)"
2026-01-07 22:39:34,172.22.177.9,Anomaly Detected,Blocked,N/A,"K-Means detected anomaly (distance: 42828.3989, threshold: 5.7983)"
2026-01-07 22:39:34,34.49.39.67,Anomaly Detected,Blocked,N/A,"K-Means detected anomaly (distance: 42827.7996, threshold: 5.7983)"
2026-01-07 22:39:34,172.22.177.9,Anomaly Detected,Blocked,N/A,"K-Means detected anomaly (distance: 42828.3860, threshold: 5.7983)"
2026-01-07 22:39:34,172.22.177.9,Anomaly Detected,Blocked,N/A,"K-Means detected anomaly (distance: 42873.8621, threshold: 5.7983)"
2026-01-07 22:39:34,34.49.39.67,Anomaly Detected,Blocked,N/A,"K-Means detected anomaly (distance: 42827.7866, threshold: 5.7983)"
2026-01-07 22:39:35,34.49.39.67,Anomaly Detected,Blocked,N/A,"K-Means detected anomaly (distance: 42828.6803, threshold: 5.7983)"
2026-01-07 22:39:35,172.22.177.9,Anomaly Detected,Blocked,N/A,"K-Means detected anomaly (distance: 42828.3860, threshold: 5.7983)"
2026-01-07 22:39:35,172.22.177.9,Anomaly Detected,Blocked,N/A,"K-Means detected anomaly (distance: 42922.4785, threshold: 5.7983)"
2026-01-07 22:39:35,172.22.177.9,Anomaly Detected,Blocked,N/A,"K-Means detected anomaly (distance: 42828.4490, threshold: 5.7983)"
2026-01-07 22:39:35,34.49.39.67,Anomaly Detected,Blocked,N/A,"K-Means detected anomaly (distance: 42827.7866, threshold: 5.7983)"
2026-01-07 22:39:36,172.22.177.9,Anomaly Detected,Blocked,N/A,"K-Means detected anomaly (distance: 59233.7262, threshold: 5.7983)"
2026-01-07 22:39:36,35.186.247.105,Anomaly Detected,Blocked,N/A,"K-Means detected anomaly (distance: 59234.0947, threshold: 5.7983)"
2026-01-07 22:39:36,35.186.247.105,Anomaly Detected,Blocked,N/A,"K-Means detected anomaly (distance: 59236.1924, threshold: 5.7983)"
2026-01-07 22:39:36,35.186.247.105,Anomaly Detected,Blocked,N/A,"K-Means detected anomaly (distance: 59234.1245, threshold: 5.7983)"
2026-01-07 22:39:36,35.186.247.105,Anomaly Detected,Blocked,N/A,"K-Means detected anomaly (distance: 59234.0771, threshold: 5.7983)"
2026-01-07 22:39:37,172.22.177.9,Anomaly Detected,Blocked,N/A,"K-Means detected anomaly (distance: 59233.7262, threshold: 5.7983)"
2026-01-07 22:39:37,35.186.247.105,Anomaly Detected,Blocked,N/A,"K-Means detected anomaly (distance: 59250.8841, threshold: 5.7983)"
2026-01-07 22:39:37,35.186.247.105,Anomaly Detected,Blocked,N/A,"K-Means detected anomaly (distance: 59237.8868, threshold: 5.7983)"
2026-01-07 22:39:37,35.186.247.105,Anomaly Detected,Blocked,N/A,"K-Means detected anomaly (distance: 59233.1310, threshold: 5.7983)"
2026-01-07 22:39:37,172.22.177.9,Anomaly Detected,Blocked,N/A,"K-Means detected anomaly (distance: 59233.7262, threshold: 5.7983)"
2026-01-07 22:39:42,172.22.177.9,Anomaly Detected,Blocked,N/A,"K-Means detected anomaly (distance: 54549.8842, threshold: 5.7983)"
2026-01-07 22:39:42,172.22.177.9,Anomaly Detected,Blocked,N/A,"K-Means detected anomaly (distance: 49446.0784, threshold: 5.7983)"
2026-01-07 22:39:42,3.88.247.34,Anomaly Detected,Blocked,N/A,"K-Means detected anomaly (distance: 54549.2343, threshold: 5.7983)"
2026-01-07 22:39:43,172.22.177.9,Anomaly Detected,Blocked,N/A,"K-Means detected anomaly (distance: 54549.8610, threshold: 5.7983)"
2026-01-07 22:39:43,54.90.36.212,Anomaly Detected,Blocked,N/A,"K-Means detected anomaly (distance: 49445.4371, threshold: 5.7983)"
2026-01-07 22:39:43,172.22.177.9,Anomaly Detected,Blocked,N/A,"K-Means detected anomaly (distance: 49446.0671, threshold: 5.7983)"
2026-01-07 22:39:44,172.22.177.9,Anomaly Detected,Blocked,N/A,"K-Means detected anomaly (distance: 49446.0672, threshold: 5.7983)"
2026-01-07 22:39:44,172.22.177.9,Anomaly Detected,Blocked,N/A,"K-Means detected anomaly (distance: 56925.8057, threshold: 5.7983)"
2026-01-07 22:39:45,172.22.177.9,Anomaly Detected,Blocked,N/A,"K-Means detected anomaly (distance: 56935.5758, threshold: 5.7983)"
2026-01-07 22:39:46,3.95.129.122,Anomaly Detected,Blocked,N/A,"K-Means detected anomaly (distance: 56932.0845, threshold: 5.7983)"
2026-01-07 22:39:46,172.22.177.9,Anomaly Detected,Blocked,N/A,"K-Means detected anomaly (distance: 56925.7960, threshold: 5.7983)"
2026-01-07 22:39:46,172.22.177.9,Anomaly Detected,Blocked,N/A,"K-Means detected anomaly (distance: 60789.6912, threshold: 5.7983)"
2026-01-07 22:39:46,34.49.39.67,Anomaly Detected,Blocked,N/A,"K-Means detected anomaly (distance: 60789.0580, threshold: 5.7983)"
2026-01-07 22:39:47,172.22.177.9,Anomaly Detected,Blocked,N/A,"K-Means detected anomaly (distance: 60789.6821, threshold: 5.7983)"
2026-01-07 22:39:47,172.22.177.9,Anomaly Detected,Blocked,N/A,"K-Means detected anomaly (distance: 60821.7301, threshold: 5.7983)"
2026-01-07 22:39:47,34.49.39.67,Anomaly Detected,Blocked,N/A,"K-Means detected anomaly (distance: 60789.0488, threshold: 5.7983)"
2026-01-07 22:39:47,34.49.39.67,Anomaly Detected,Blocked,N/A,"K-Means detected anomaly (distance: 60789.0488, threshold: 5.7983)"
2026-01-07 22:39:48,34.49.39.67,Anomaly Detected,Blocked,N/A,"K-Means detected anomaly (distance: 60789.6785, threshold: 5.7983)"
2026-01-07 22:39:50,172.22.177.9,Anomaly Detected,Blocked,N/A,"K-Means detected anomaly (distance: 56940.8358, threshold: 5.7983)"
2026-01-07 22:39:50,3.95.129.122,Anomaly Detected,Blocked,N/A,"K-Means detected anomaly (distance: 56926.3579, threshold: 5.7983)"
2026-01-07 22:39:50,172.22.177.9,Anomaly Detected,Blocked,N/A,"K-Means detected anomaly (distance: 56925.7960, threshold: 5.7983)"
2026-01-07 22:39:50,172.22.177.9,Anomaly Detected,Blocked,N/A,"K-Means detected anomaly (distance: 57145.7988, threshold: 5.7983)"
2026-01-07 22:39:50,35.186.247.105,Anomaly Detected,Blocked,N/A,"K-Means detected anomaly (distance: 57145.1707, threshold: 5.7983)"
2026-01-07 22:39:50,172.22.177.9,Anomaly Detected,Blocked,N/A,"K-Means detected anomaly (distance: 57145.7891, threshold: 5.7983)"
2026-01-07 22:39:51,172.22.177.9,Anomaly Detected,Blocked,N/A,"K-Means detected anomaly (distance: 57170.1560, threshold: 5.7983)"
2026-01-07 22:39:51,35.186.247.105,Anomaly Detected,Blocked,N/A,"K-Means detected anomaly (distance: 57145.1610, threshold: 5.7983)"
2026-01-07 22:39:51,35.186.247.105,Anomaly Detected,Blocked,N/A,"K-Means detected anomaly (distance: 57145.1610, threshold: 5.7983)"
2026-01-07 22:39:51,35.186.247.105,Anomaly Detected,Blocked,N/A,"K-Means detected anomaly (distance: 57301.4121, threshold: 5.7983)"
2026-01-07 22:39:51,35.186.247.105,Anomaly Detected,Blocked,N/A,"K-Means detected anomaly (distance: 57145.1610, threshold: 5.7983)"
2026-01-07 22:39:52,35.186.247.105,Anomaly Detected,Blocked,N/A,"K-Means detected anomaly (distance: 57145.1610, threshold: 5.7983)"
2026-01-07 22:39:52,172.22.177.9,Anomaly Detected,Blocked,N/A,"K-Means detected anomaly (distance: 57216.3414, threshold: 5.7983)"
2026-01-07 22:39:52,172.22.177.9,Anomaly Detected,Blocked,N/A,"K-Means detected anomaly (distance: 57216.3414, threshold: 5.7983)"
2026-01-07 22:39:52,172.22.177.9,Anomaly Detected,Blocked,N/A,"K-Means detected anomaly (distance: 56930.6369, threshold: 5.7983)"
2026-01-07 22:39:52,35.186.247.105,Anomaly Detected,Blocked,N/A,"K-Means detected anomaly (distance: 57145.1610, threshold: 5.7983)"
2026-01-07 22:39:52,35.186.247.105,Anomaly Detected,Blocked,N/A,"K-Means detected anomaly (distance: 57145.1610, threshold: 5.7983)"
2026-01-07 22:39:52,172.22.177.9,Anomaly Detected,Blocked,N/A,"K-Means detected anomaly (distance: 57216.3414, threshold: 5.7983)"
2026-01-07 22:39:53,172.22.177.9,Anomaly Detected,Blocked,N/A,"K-Means detected anomaly (distance: 57216.3414, threshold: 5.7983)"
2026-01-07 22:39:53,35.186.247.105,Anomaly Detected,Blocked,N/A,"K-Means detected anomaly (distance: 57145.1610, threshold: 5.7983)"
2026-01-07 22:39:54,35.186.247.105,Anomaly Detected,Blocked,N/A,"K-Means detected anomaly (distance: 57163.5998, threshold: 5.7983)"
2026-01-07 22:39:54,35.186.247.105,Anomaly Detected,Blocked,N/A,"K-Means detected anomaly (distance: 57145.9715, threshold: 5.7983)"
2026-01-07 22:39:55,172.22.177.9,Anomaly Detected,Blocked,N/A,"K-Means detected anomaly (distance: 57145.7891, threshold: 5.7983)"
2026-01-07 22:39:55,35.186.247.105,Anomaly Detected,Blocked,N/A,"K-Means detected anomaly (distance: 57146.9532, threshold: 5.7983)"
2026-01-07 22:39:55,35.186.247.105,Anomaly Detected,Blocked,N/A,"K-Means detected anomaly (distance: 57147.0835, threshold: 5.7983)"
2026-01-07 22:39:55,35.186.247.105,Anomaly Detected,Blocked,N/A,"K-Means detected anomaly (distance: 57147.0178, threshold: 5.7983)"
2026-01-07 22:39:55,172.22.177.9,Anomaly Detected,Blocked,N/A,"K-Means detected anomaly (distance: 57145.7891, threshold: 5.7983)"
2026-01-07 22:39:55,35.186.247.105,Anomaly Detected,Blocked,N/A,"K-Means detected anomaly (distance: 57146.9854, threshold: 5.7983)"
2026-01-07 22:39:56,172.22.177.9,Anomaly Detected,Blocked,N/A,"K-Means detected anomaly (distance: 57145.7891, threshold: 5.7983)"
2026-01-07 22:39:56,35.186.247.105,Anomaly Detected,Blocked,N/A,"K-Means detected anomaly (distance: 57147.1001, threshold: 5.7983)"
2026-01-07 22:39:58,3.95.129.122,Anomaly Detected,Blocked,N/A,"K-Means detected anomaly (distance: 56925.1777, threshold: 5.7983)"
2026-01-07 22:39:59,3.95.129.122,Anomaly Detected,Blocked,N/A,"K-Means detected anomaly (distance: 56925.1452, threshold: 5.7983)"
2026-01-07 22:39:59,172.22.177.9,Anomaly Detected,Blocked,N/A,"K-Means detected anomaly (distance: 56925.7835, threshold: 5.7983)"
2026-01-07 22:39:59,172.22.177.9,Anomaly Detected,Blocked,N/A,"K-Means detected anomaly (distance: 56925.7835, threshold: 5.7983)"
2026-01-07 22:40:04,172.22.177.9,Anomaly Detected,Blocked,N/A,"K-Means detected anomaly (distance: 49616.0713, threshold: 5.7983)"
2026-01-07 22:40:04,34.49.39.67,Anomaly Detected,Blocked,N/A,"K-Means detected anomaly (distance: 49615.4585, threshold: 5.7983)"
2026-01-07 22:40:04,172.22.177.9,Anomaly Detected,Blocked,N/A,"K-Means detected anomaly (distance: 49616.0601, threshold: 5.7983)"
2026-01-07 22:40:01,172.22.177.9,Anomaly Detected,Blocked,N/A,"K-Means detected anomaly (distance: 49655.3202, threshold: 5.7983)"
2026-01-07 22:40:02,34.49.39.67,Anomaly Detected,Blocked,N/A,"K-Means detected anomaly (distance: 49615.4474, threshold: 5.7983)"
2026-01-07 22:40:02,34.49.39.67,Anomaly Detected,Blocked,N/A,"K-Means detected anomaly (distance: 49615.4474, threshold: 5.7983)"
2026-01-07 22:40:02,34.49.39.67,Anomaly Detected,Blocked,N/A,"K-Means detected anomaly (distance: 49616.2188, threshold: 5.7983)"
2026-01-07 22:40:02,172.22.177.9,Anomaly Detected,Blocked,N/A,"K-Means detected anomaly (distance: 49616.0601, threshold: 5.7983)"
2026-01-07 22:40:02,172.22.177.9,Anomaly Detected,Blocked,N/A,"K-Means detected anomaly (distance: 49697.3031, threshold: 5.7983)"
2026-01-07 22:40:02,172.22.177.9,Anomaly Detected,Blocked,N/A,"K-Means detected anomaly (distance: 49622.9969, threshold: 5.7983)"
2026-01-07 22:40:06,172.22.177.9,Anomaly Detected,Blocked,N/A,"K-Means detected anomaly (distance: 40024.5668, threshold: 5.7983)"
2026-01-07 22:40:07,54.90.36.212,Anomaly Detected,Blocked,N/A,"K-Means detected anomaly (distance: 40023.9400, threshold: 5.7983)"
2026-01-07 22:40:07,172.22.177.9,Anomaly Detected,Blocked,N/A,"K-Means detected anomaly (distance: 40024.5529, threshold: 5.7983)"
2026-01-07 22:40:07,172.22.177.9,Anomaly Detected,Blocked,N/A,"K-Means detected anomaly (distance: 40024.5529, threshold: 5.7983)"
2026-01-07 22:40:07,172.22.177.9,Anomaly Detected,Blocked,N/A,"K-Means detected anomaly (distance: 44890.2889, threshold: 5.7983)"
2026-01-07 22:40:07,172.22.177.9,Anomaly Detected,Blocked,N/A,"K-Means detected anomaly (distance: 39794.5816, threshold: 5.7983)"
2026-01-07 22:40:07,3.95.129.122,Anomaly Detected,Blocked,N/A,"K-Means detected anomaly (distance: 44889.6527, threshold: 5.7983)"
2026-01-07 22:40:08,172.22.177.9,Anomaly Detected,Blocked,N/A,"K-Means detected anomaly (distance: 44890.2607, threshold: 5.7983)"
2026-01-07 22:40:08,54.90.36.212,Anomaly Detected,Blocked,N/A,"K-Means detected anomaly (distance: 40023.9262, threshold: 5.7983)"
2026-01-07 22:40:08,172.22.177.9,Anomaly Detected,Blocked,N/A,"K-Means detected anomaly (distance: 40024.5529, threshold: 5.7983)"
2026-01-07 22:40:08,35.186.247.105,Anomaly Detected,Blocked,N/A,"K-Means detected anomaly (distance: 53925.2749, threshold: 5.7983)"
2026-01-07 22:40:08,172.22.177.9,Anomaly Detected,Blocked,N/A,"K-Means detected anomaly (distance: 54000.6550, threshold: 5.7983)"
2026-01-07 22:40:08,35.186.247.105,Anomaly Detected,Blocked,N/A,"K-Means detected anomaly (distance: 53925.2749, threshold: 5.7983)"
2026-01-07 22:40:09,172.22.177.9,Anomaly Detected,Blocked,N/A,"K-Means detected anomaly (distance: 54000.6550, threshold: 5.7983)"
2026-01-07 22:40:09,35.186.247.105,Anomaly Detected,Blocked,N/A,"K-Means detected anomaly (distance: 53925.2749, threshold: 5.7983)"
2026-01-07 22:40:09,172.22.177.9,Anomaly Detected,Blocked,N/A,"K-Means detected anomaly (distance: 54000.6550, threshold: 5.7983)"
2026-01-07 22:40:09,172.22.177.9,Anomaly Detected,Blocked,N/A,"K-Means detected anomaly (distance: 54000.6550, threshold: 5.7983)"
2026-01-07 22:40:09,35.186.247.105,Anomaly Detected,Blocked,N/A,"K-Means detected anomaly (distance: 53925.2749, threshold: 5.7983)"
2026-01-07 22:40:09,35.186.247.105,Anomaly Detected,Blocked,N/A,"K-Means detected anomaly (distance: 53925.2749, threshold: 5.7983)"
2026-01-07 22:40:09,172.22.177.9,Anomaly Detected,Blocked,N/A,"K-Means detected anomaly (distance: 54000.6550, threshold: 5.7983)"
2026-01-07 22:40:11,35.186.247.105,Anomaly Detected,Blocked,N/A,"K-Means detected anomaly (distance: 53952.0019, threshold: 5.7983)"
2026-01-07 22:40:12,172.22.177.9,Anomaly Detected,Blocked,N/A,"K-Means detected anomaly (distance: 53925.8957, threshold: 5.7983)"
2026-01-07 22:40:12,35.186.247.105,Anomaly Detected,Blocked,N/A,"K-Means detected anomaly (distance: 53927.1741, threshold: 5.7983)"
2026-01-07 22:40:12,172.22.177.9,Anomaly Detected,Blocked,N/A,"K-Means detected anomaly (distance: 53925.8957, threshold: 5.7983)"
2026-01-07 22:40:12,35.186.247.105,Anomaly Detected,Blocked,N/A,"K-Means detected anomaly (distance: 53927.1911, threshold: 5.7983)"
2026-01-07 22:40:12,172.22.177.9,Anomaly Detected,Blocked,N/A,"K-Means detected anomaly (distance: 53925.8957, threshold: 5.7983)"
2026-01-07 22:40:13,35.186.247.105,Anomaly Detected,Blocked,N/A,"K-Means detected anomaly (distance: 53927.1741, threshold: 5.7983)"
2026-01-07 22:40:13,35.186.247.105,Anomaly Detected,Blocked,N/A,"K-Means detected anomaly (distance: 53938.4361, threshold: 5.7983)"
2026-01-07 22:40:13,172.22.177.9,Anomaly Detected,Blocked,N/A,"K-Means detected anomaly (distance: 53925.8957, threshold: 5.7983)"
2026-01-07 22:40:13,172.22.177.9,Anomaly Detected,Blocked,N/A,"K-Means detected anomaly (distance: 53925.8957, threshold: 5.7983)"
2026-01-07 22:40:15,172.22.177.9,Anomaly Detected,Blocked,N/A,"K-Means detected anomaly (distance: 58125.7685, threshold: 5.7983)"
2026-01-07 22:40:15,3.88.247.34,Anomaly Detected,Blocked,N/A,"K-Means detected anomaly (distance: 58125.1146, threshold: 5.7983)"
2026-01-07 22:40:15,172.22.177.9,Anomaly Detected,Blocked,N/A,"K-Means detected anomaly (distance: 58125.7590, threshold: 5.7983)"
2026-01-07 22:40:15,172.22.177.9,Anomaly Detected,Blocked,N/A,"K-Means detected anomaly (distance: 58125.7590, threshold: 5.7983)"
2026-01-07 22:40:16,172.22.177.9,Anomaly Detected,Blocked,N/A,"K-Means detected anomaly (distance: 52687.9507, threshold: 5.7983)"
2026-01-07 22:40:16,3.88.247.34,Anomaly Detected,Blocked,N/A,"K-Means detected anomaly (distance: 58125.1051, threshold: 5.7983)"
2026-01-07 22:40:16,172.22.177.9,Anomaly Detected,Blocked,N/A,"K-Means detected anomaly (distance: 58125.7590, threshold: 5.7983)"
2026-01-07 22:40:16,3.95.129.122,Anomaly Detected,Blocked,N/A,"K-Means detected anomaly (distance: 52687.3049, threshold: 5.7983)"
2026-01-07 22:40:16,172.22.177.9,Anomaly Detected,Blocked,N/A,"K-Means detected anomaly (distance: 52687.9402, threshold: 5.7983)"
2026-01-07 22:40:17,172.22.177.9,Anomaly Detected,Blocked,N/A,"K-Means detected anomaly (distance: 52687.9402, threshold: 5.7983)"
2026-01-07 22:40:17,172.22.177.9,Anomaly Detected,Blocked,N/A,"K-Means detected anomaly (distance: 52303.9650, threshold: 5.7983)"
2026-01-07 22:40:18,54.90.36.212,Anomaly Detected,Blocked,N/A,"K-Means detected anomaly (distance: 46499.5709, threshold: 5.7983)"
2026-01-07 22:40:18,172.22.177.9,Anomaly Detected,Blocked,N/A,"K-Means detected anomaly (distance: 46500.1826, threshold: 5.7983)"
2026-01-07 22:40:18,54.90.36.212,Anomaly Detected,Blocked,N/A,"K-Means detected anomaly (distance: 46493.5615, threshold: 5.7983)"
2026-01-07 22:40:18,54.90.36.212,Anomaly Detected,Blocked,N/A,"K-Means detected anomaly (distance: 46502.0575, threshold: 5.7983)"
2026-01-07 22:40:18,172.22.177.9,Anomaly Detected,Blocked,N/A,"K-Means detected anomaly (distance: 46494.1982, threshold: 5.7983)"
2026-01-07 22:40:18,3.88.247.34,Anomaly Detected,Blocked,N/A,"K-Means detected anomaly (distance: 52303.3197, threshold: 5.7983)"
2026-01-07 22:40:19,172.22.177.9,Anomaly Detected,Blocked,N/A,"K-Means detected anomaly (distance: 52303.9544, threshold: 5.7983)"
2026-01-07 22:40:19,172.22.177.9,Anomaly Detected,Blocked,N/A,"K-Means detected anomaly (distance: 52303.9544, threshold: 5.7983)"
2026-01-07 22:40:19,172.22.177.9,Anomaly Detected,Blocked,N/A,"K-Means detected anomaly (distance: 35460.8966, threshold: 5.7983)"
2026-01-07 22:40:21,172.22.177.9,Anomaly Detected,Blocked,N/A,"K-Means detected anomaly (distance: 45598.2534, threshold: 5.7983)"
2026-01-07 22:40:21,34.49.39.67,Anomaly Detected,Blocked,N/A,"K-Means detected anomaly (distance: 45597.6497, threshold: 5.7983)"
2026-01-07 22:40:21,172.22.177.9,Anomaly Detected,Blocked,N/A,"K-Means detected anomaly (distance: 45598.2413, threshold: 5.7983)"
2026-01-07 22:40:21,172.22.177.9,Anomaly Detected,Blocked,N/A,"K-Means detected anomaly (distance: 45640.9576, threshold: 5.7983)"
2026-01-07 22:40:21,34.49.39.67,Anomaly Detected,Blocked,N/A,"K-Means detected anomaly (distance: 45597.6375, threshold: 5.7983)"
2026-01-07 22:40:21,34.49.39.67,Anomaly Detected,Blocked,N/A,"K-Means detected anomaly (distance: 45597.6375, threshold: 5.7983)"
2026-01-07 22:40:22,34.49.39.67,Anomaly Detected,Blocked,N/A,"K-Means detected anomaly (distance: 45598.4769, threshold: 5.7983)"
2026-01-07 22:40:22,172.22.177.9,Anomaly Detected,Blocked,N/A,"K-Means detected anomaly (distance: 45598.2413, threshold: 5.7983)"
2026-01-07 22:40:24,54.90.36.212,Anomaly Detected,Blocked,N/A,"K-Means detected anomaly (distance: 46493.6014, threshold: 5.7983)"
2026-01-07 22:40:24,54.90.36.212,Anomaly Detected,Blocked,N/A,"K-Means detected anomaly (distance: 46493.5615, threshold: 5.7983)"
2026-01-07 22:40:24,172.22.177.9,Anomaly Detected,Blocked,N/A,"K-Means detected anomaly (distance: 46494.1829, threshold: 5.7983)"
2026-01-07 22:40:24,172.22.177.9,Anomaly Detected,Blocked,N/A,"K-Means detected anomaly (distance: 46494.1829, threshold: 5.7983)"
2026-01-07 22:40:25,172.22.177.9,Anomaly Detected,Blocked,N/A,"K-Means detected anomaly (distance: 35460.8810, threshold: 5.7983)"
2026-01-07 22:40:25,3.95.129.122,Anomaly Detected,Blocked,N/A,"K-Means detected anomaly (distance: 35460.3178, threshold: 5.7983)"
2026-01-07 22:40:25,3.95.129.122,Anomaly Detected,Blocked,N/A,"K-Means detected anomaly (distance: 35460.2655, threshold: 5.7983)"
2026-01-07 22:40:25,172.22.177.9,Anomaly Detected,Blocked,N/A,"K-Means detected anomaly (distance: 35460.8609, threshold: 5.7983)"
2026-01-07 22:40:25,172.22.177.9,Anomaly Detected,Blocked,N/A,"K-Means detected anomaly (distance: 35460.8609, threshold: 5.7983)"
2026-01-07 22:40:25,172.22.177.9,Anomaly Detected,Blocked,N/A,"K-Means detected anomaly (distance: 45612.2528, threshold: 5.7983)"
2026-01-07 22:40:26,35.186.247.105,Anomaly Detected,Blocked,N/A,"K-Means detected anomaly (distance: 46537.5901, threshold: 5.7983)"
2026-01-07 22:40:26,35.186.247.105,Anomaly Detected,Blocked,N/A,"K-Means detected anomaly (distance: 46537.5901, threshold: 5.7983)"
2026-01-07 22:40:26,35.186.247.105,Anomaly Detected,Blocked,N/A,"K-Means detected anomaly (distance: 46537.5901, threshold: 5.7983)"
2026-01-07 22:40:26,35.186.247.105,Anomaly Detected,Blocked,N/A,"K-Means detected anomaly (distance: 46537.5901, threshold: 5.7983)"
2026-01-07 22:40:26,172.22.177.9,Anomaly Detected,Blocked,N/A,"K-Means detected anomaly (distance: 46624.8025, threshold: 5.7983)"
2026-01-07 22:40:26,172.22.177.9,Anomaly Detected,Blocked,N/A,"K-Means detected anomaly (distance: 46624.8025, threshold: 5.7983)"
2026-01-07 22:40:26,172.22.177.9,Anomaly Detected,Blocked,N/A,"K-Means detected anomaly (distance: 46624.8025, threshold: 5.7983)"
2026-01-07 22:40:27,172.22.177.9,Anomaly Detected,Blocked,N/A,"K-Means detected anomaly (distance: 46624.8025, threshold: 5.7983)"
2026-01-07 22:40:27,172.22.177.9,Anomaly Detected,Blocked,N/A,"K-Means detected anomaly (distance: 46624.8025, threshold: 5.7983)"
2026-01-07 22:40:27,172.22.177.9,Anomaly Detected,Blocked,N/A,"K-Means detected anomaly (distance: 40096.5622, threshold: 5.7983)"
2026-01-07 22:40:27,35.186.247.105,Anomaly Detected,Blocked,N/A,"K-Means detected anomaly (distance: 46537.5901, threshold: 5.7983)"
2026-01-07 22:40:27,172.22.177.9,Anomaly Detected,Blocked,N/A,"K-Means detected anomaly (distance: 46624.8025, threshold: 5.7983)"
2026-01-07 22:40:27,35.186.247.105,Anomaly Detected,Blocked,N/A,"K-Means detected anomaly (distance: 46537.5901, threshold: 5.7983)"
2026-01-07 22:40:27,35.186.247.105,Anomaly Detected,Blocked,N/A,"K-Means detected anomaly (distance: 46537.5901, threshold: 5.7983)"
2026-01-07 22:40:28,172.22.177.9,Anomaly Detected,Blocked,N/A,"K-Means detected anomaly (distance: 46624.8025, threshold: 5.7983)"
2026-01-07 22:40:28,172.22.177.9,Anomaly Detected,Blocked,N/A,"K-Means detected anomaly (distance: 46624.8025, threshold: 5.7983)"
2026-01-07 22:40:28,35.186.247.105,Anomaly Detected,Blocked,N/A,"K-Means detected anomaly (distance: 46537.5901, threshold: 5.7983)"
2026-01-07 22:40:28,35.186.247.105,Anomaly Detected,Blocked,N/A,"K-Means detected anomaly (distance: 46537.5901, threshold: 5.7983)"
2026-01-07 22:40:28,35.186.247.105,Anomaly Detected,Blocked,N/A,"K-Means detected anomaly (distance: 46537.5901, threshold: 5.7983)"
2026-01-07 22:40:29,172.22.177.9,Anomaly Detected,Blocked,N/A,"K-Means detected anomaly (distance: 53331.9272, threshold: 5.7983)"
2026-01-07 22:40:29,3.88.247.34,Anomaly Detected,Blocked,N/A,"K-Means detected anomaly (distance: 47527.5237, threshold: 5.7983)"
2026-01-07 22:40:29,172.22.177.9,Anomaly Detected,Blocked,N/A,"K-Means detected anomaly (distance: 47528.1355, threshold: 5.7983)"
2026-01-07 22:40:29,172.22.177.9,Anomaly Detected,Blocked,N/A,"K-Means detected anomaly (distance: 34326.9922, threshold: 5.7983)"
2026-01-07 22:40:29,3.95.129.122,Anomaly Detected,Blocked,N/A,"K-Means detected anomaly (distance: 53331.2787, threshold: 5.7983)"
2026-01-07 22:40:29,172.22.177.9,Anomaly Detected,Blocked,N/A,"K-Means detected anomaly (distance: 53331.9035, threshold: 5.7983)"
2026-01-07 22:40:30,172.22.177.9,Anomaly Detected,Blocked,N/A,"K-Means detected anomaly (distance: 36758.7794, threshold: 5.7983)"
2026-01-07 22:40:30,54.90.36.212,Anomaly Detected,Blocked,N/A,"K-Means detected anomaly (distance: 34326.3799, threshold: 5.7983)"
2026-01-07 22:40:30,172.22.177.9,Anomaly Detected,Blocked,N/A,"K-Means detected anomaly (distance: 34326.9760, threshold: 5.7983)"
2026-01-07 22:40:30,172.22.177.9,Anomaly Detected,Blocked,N/A,"K-Means detected anomaly (distance: 34367.5740, threshold: 5.7983)"
2026-01-07 22:40:30,35.186.247.105,Anomaly Detected,Blocked,N/A,"K-Means detected anomaly (distance: 46539.8105, threshold: 5.7983)"
2026-01-07 22:40:30,172.22.177.9,Anomaly Detected,Blocked,N/A,"K-Means detected anomaly (distance: 46538.1961, threshold: 5.7983)"
2026-01-07 22:40:30,35.186.247.105,Anomaly Detected,Blocked,N/A,"K-Means detected anomaly (distance: 46544.9500, threshold: 5.7983)"
2026-01-07 22:40:31,35.186.247.105,Anomaly Detected,Blocked,N/A,"K-Means detected anomaly (distance: 46539.8302, threshold: 5.7983)"
2026-01-07 22:40:31,35.186.247.105,Anomaly Detected,Blocked,N/A,"K-Means detected anomaly (distance: 46539.8105, threshold: 5.7983)"
2026-01-07 22:40:32,172.22.177.9,Anomaly Detected,Blocked,N/A,"K-Means detected anomaly (distance: 46538.1961, threshold: 5.7983)"
2026-01-07 22:40:32,172.22.177.9,Anomaly Detected,Blocked,N/A,"K-Means detected anomaly (distance: 46538.1961, threshold: 5.7983)"
2026-01-07 22:40:33,172.22.177.9,Anomaly Detected,Blocked,N/A,"K-Means detected anomaly (distance: 46538.1961, threshold: 5.7983)"
2026-01-07 22:40:33,35.186.247.105,Anomaly Detected,Blocked,N/A,"K-Means detected anomaly (distance: 46539.9102, threshold: 5.7983)"
2026-01-07 22:40:33,172.22.177.9,Anomaly Detected,Blocked,N/A,"K-Means detected anomaly (distance: 46538.1961, threshold: 5.7983)"
2026-01-07 22:40:33,172.22.177.9,Anomaly Detected,Blocked,N/A,"K-Means detected anomaly (distance: 34326.9761, threshold: 5.7983)"
2026-01-07 22:40:34,54.90.36.212,Anomaly Detected,Blocked,N/A,"K-Means detected anomaly (distance: 34326.4178, threshold: 5.7983)"
2026-01-07 22:40:34,54.90.36.212,Anomaly Detected,Blocked,N/A,"K-Means detected anomaly (distance: 34326.3638, threshold: 5.7983)"
2026-01-07 22:40:34,172.22.177.9,Anomaly Detected,Blocked,N/A,"K-Means detected anomaly (distance: 34326.9553, threshold: 5.7983)"
2026-01-07 22:40:35,172.22.177.9,Anomaly Detected,Blocked,N/A,"K-Means detected anomaly (distance: 34326.9553, threshold: 5.7983)"
2026-01-07 22:40:38,172.22.177.9,Anomaly Detected,Blocked,N/A,"K-Means detected anomaly (distance: 49376.0813, threshold: 5.7983)"
2026-01-07 22:40:39,34.49.39.67,Anomaly Detected,Blocked,N/A,"K-Means detected anomaly (distance: 49375.4691, threshold: 5.7983)"
2026-01-07 22:40:39,172.22.177.9,Anomaly Detected,Blocked,N/A,"K-Means detected anomaly (distance: 49376.0701, threshold: 5.7983)"
2026-01-07 22:40:39,172.22.177.9,Anomaly Detected,Blocked,N/A,"K-Means detected anomaly (distance: 49415.5208, threshold: 5.7983)"
2026-01-07 22:40:40,34.49.39.67,Anomaly Detected,Blocked,N/A,"K-Means detected anomaly (distance: 49375.4579, threshold: 5.7983)"
2026-01-07 22:40:40,34.49.39.67,Anomaly Detected,Blocked,N/A,"K-Means detected anomaly (distance: 49375.4579, threshold: 5.7983)"
2026-01-07 22:40:41,34.49.39.67,Anomaly Detected,Blocked,N/A,"K-Means detected anomaly (distance: 49376.2330, threshold: 5.7983)"
2026-01-07 22:40:41,172.22.177.9,Anomaly Detected,Blocked,N/A,"K-Means detected anomaly (distance: 49376.0701, threshold: 5.7983)"
2026-01-07 22:40:41,172.22.177.9,Anomaly Detected,Blocked,N/A,"K-Means detected anomaly (distance: 49457.7073, threshold: 5.7983)"
2026-01-07 22:40:42,172.22.177.9,Anomaly Detected,Blocked,N/A,"K-Means detected anomaly (distance: 49382.8232, threshold: 5.7983)"
2026-01-07 22:40:45,172.22.177.9,Anomaly Detected,Blocked,N/A,"K-Means detected anomaly (distance: 52075.9736, threshold: 5.7983)"
2026-01-07 22:40:46,172.22.177.9,Anomaly Detected,Blocked,N/A,"K-Means detected anomaly (distance: 57573.7855, threshold: 5.7983)"
2026-01-07 22:40:46,3.88.247.34,Anomaly Detected,Blocked,N/A,"K-Means detected anomaly (distance: 58013.1164, threshold: 5.7983)"
2026-01-07 22:40:47,172.22.177.9,Anomaly Detected,Blocked,N/A,"K-Means detected anomaly (distance: 58013.7501, threshold: 5.7983)"
2026-01-07 22:40:47,35.186.247.105,Anomaly Detected,Blocked,N/A,"K-Means detected anomaly (distance: 57573.1588, threshold: 5.7983)"
2026-01-07 22:40:47,172.22.177.9,Anomaly Detected,Blocked,N/A,"K-Means detected anomaly (distance: 57573.7758, threshold: 5.7983)"
2026-01-07 22:40:48,172.22.177.9,Anomaly Detected,Blocked,N/A,"K-Means detected anomaly (distance: 57597.9616, threshold: 5.7983)"
2026-01-07 22:40:48,3.95.129.122,Anomaly Detected,Blocked,N/A,"K-Means detected anomaly (distance: 52075.3286, threshold: 5.7983)"
2026-01-07 22:40:48,172.22.177.9,Anomaly Detected,Blocked,N/A,"K-Means detected anomaly (distance: 52075.9629, threshold: 5.7983)"
2026-01-07 22:40:49,172.22.177.9,Anomaly Detected,Blocked,N/A,"K-Means detected anomaly (distance: 52102.7329, threshold: 5.7983)"
2026-01-07 22:40:49,35.186.247.105,Anomaly Detected,Blocked,N/A,"K-Means detected anomaly (distance: 57619.5663, threshold: 5.7983)"
2026-01-07 22:40:49,172.22.177.9,Anomaly Detected,Blocked,N/A,"K-Means detected anomaly (distance: 57573.7758, threshold: 5.7983)"
2026-01-07 22:40:50,35.186.247.105,Anomaly Detected,Blocked,N/A,"K-Means detected anomaly (distance: 57574.1595, threshold: 5.7983)"
2026-01-07 22:40:50,172.22.177.9,Anomaly Detected,Blocked,N/A,"K-Means detected anomaly (distance: 57573.7758, threshold: 5.7983)"
2026-01-07 22:40:51,35.186.247.105,Anomaly Detected,Blocked,N/A,"K-Means detected anomaly (distance: 57576.6611, threshold: 5.7983)"
2026-01-07 22:40:51,35.186.247.105,Anomaly Detected,Blocked,N/A,"K-Means detected anomaly (distance: 57574.2206, threshold: 5.7983)"
2026-01-07 22:40:52,172.22.177.9,Anomaly Detected,Blocked,N/A,"K-Means detected anomaly (distance: 57573.7758, threshold: 5.7983)"
2026-01-07 22:40:52,172.22.177.9,Anomaly Detected,Blocked,N/A,"K-Means detected anomaly (distance: 57573.7758, threshold: 5.7983)"
2026-01-07 22:40:52,35.186.247.105,Anomaly Detected,Blocked,N/A,"K-Means detected anomaly (distance: 57580.0724, threshold: 5.7983)"
2026-01-07 22:40:53,35.186.247.105,Anomaly Detected,Blocked,N/A,"K-Means detected anomaly (distance: 57574.1776, threshold: 5.7983)"
2026-01-07 22:40:55,172.22.177.9,Anomaly Detected,Blocked,N/A,"K-Means detected anomaly (distance: 57573.7758, threshold: 5.7983)"
2026-01-07 22:40:55,172.22.177.9,Anomaly Detected,Blocked,N/A,"K-Means detected anomaly (distance: 52089.9731, threshold: 5.7983)"
2026-01-07 22:40:55,35.186.247.105,Anomaly Detected,Blocked,N/A,"K-Means detected anomaly (distance: 57573.1491, threshold: 5.7983)"
2026-01-07 22:40:56,172.22.177.9,Anomaly Detected,Blocked,N/A,"K-Means detected anomaly (distance: 57573.7758, threshold: 5.7983)"
2026-01-07 22:40:56,3.95.129.122,Anomaly Detected,Blocked,N/A,"K-Means detected anomaly (distance: 52089.3261, threshold: 5.7983)"
